{"cameraMode":{"drawMode":0,"name":"Shaded","section":"Shading Mode"},"sceneLighting":false,"audioPlay":false,"sceneViewState":{"showFog":true,"showMaterialUpdate":false,"showSkybox":false,"showFlares":true,"showImageEffects":true,"showParticleSystems":true},"in2DMode":false,"pivot":{"x":-0.01859283447265625,"y":5.249999046325684,"z":0.7696785926818848},"rotation":{"x":-0.050975602120161059,"y":0.9487958550453186,"z":-0.23098894953727723,"w":-0.20938089489936829},"size":64.27120971679688,"orthographic":false}