{"cameraMode":{"drawMode":0,"name":"Shaded","section":"Shading Mode"},"sceneLighting":false,"audioPlay":false,"sceneViewState":{"showFog":true,"showMaterialUpdate":false,"showSkybox":false,"showFlares":true,"showImageEffects":true,"showParticleSystems":true},"in2DMode":false,"pivot":{"x":0.03562045097351074,"y":5.769726276397705,"z":-0.06084752082824707},"rotation":{"x":-0.3086477816104889,"y":0.4152325987815857,"z":-0.15218795835971833,"w":-0.8421190977096558},"size":46.971405029296878,"orthographic":false}