{"cameraMode":{"drawMode":0,"name":"Shaded","section":"Shading Mode"},"sceneLighting":false,"audioPlay":false,"sceneViewState":{"showFog":true,"showMaterialUpdate":false,"showSkybox":false,"showFlares":true,"showImageEffects":true,"showParticleSystems":true},"in2DMode":false,"pivot":{"x":0.6836767196655273,"y":5.237662315368652,"z":-2.344599723815918},"rotation":{"x":0.3078146278858185,"y":0.1465202271938324,"z":-0.04803703725337982,"w":0.9388825297355652},"size":70.954833984375,"orthographic":false}