{"cameraMode":{"drawMode":0,"name":"Shaded","section":"Shading Mode"},"sceneLighting":false,"audioPlay":false,"sceneViewState":{"showFog":true,"showMaterialUpdate":false,"showSkybox":false,"showFlares":true,"showImageEffects":true,"showParticleSystems":true},"in2DMode":false,"pivot":{"x":-0.008565902709960938,"y":5.6722846031188969,"z":-0.059180259704589847},"rotation":{"x":-0.23646198213100434,"y":0.38914933800697329,"z":-0.10406208783388138,"w":-0.8842104077339172},"size":68.6952133178711,"orthographic":false}