{"cameraMode":{"drawMode":0,"name":"Shaded","section":"Shading Mode"},"sceneLighting":false,"audioPlay":false,"sceneViewState":{"showFog":true,"showMaterialUpdate":false,"showSkybox":false,"showFlares":true,"showImageEffects":true,"showParticleSystems":true},"in2DMode":false,"pivot":{"x":104.50019836425781,"y":-174.20751953125,"z":741.1041259765625},"rotation":{"x":0.2003706842660904,"y":0.15388719737529756,"z":-0.03188907727599144,"w":0.967036247253418},"size":466.9536437988281,"orthographic":false}