{"cameraMode":{"drawMode":0,"name":"Shaded","section":"Shading Mode"},"sceneLighting":false,"audioPlay":false,"sceneViewState":{"showFog":true,"showMaterialUpdate":false,"showSkybox":false,"showFlares":true,"showImageEffects":true,"showParticleSystems":true},"in2DMode":false,"pivot":{"x":0.00004689476918429136,"y":0.019429028034210206,"z":0.0001810602843761444},"rotation":{"x":0.2285093069076538,"y":-0.0784572958946228,"z":0.01847909577190876,"w":0.9702129364013672},"size":0.012714172713458538,"orthographic":false}