{"cameraMode":{"drawMode":0,"name":"Shaded","section":"Shading Mode"},"sceneLighting":false,"audioPlay":false,"sceneViewState":{"showFog":true,"showMaterialUpdate":false,"showSkybox":false,"showFlares":true,"showImageEffects":true,"showParticleSystems":true},"in2DMode":false,"pivot":{"x":-11.781471252441407,"y":-30.185571670532228,"z":49.457496643066409},"rotation":{"x":-0.2910294830799103,"y":0.10933222621679306,"z":-0.0334969162940979,"w":-0.9498634934425354},"size":76.87956237792969,"orthographic":false}