{"cameraMode":{"drawMode":0,"name":"Shaded","section":"Shading Mode"},"sceneLighting":false,"audioPlay":false,"sceneViewState":{"showFog":true,"showMaterialUpdate":false,"showSkybox":true,"showFlares":true,"showImageEffects":true,"showParticleSystems":true},"in2DMode":false,"pivot":{"x":500.28167724609377,"y":199.4365997314453,"z":0.0},"rotation":{"x":0.17047393321990968,"y":-0.0026499181985855104,"z":0.00046296758227981627,"w":0.9853707551956177},"size":400.47430419921877,"orthographic":false}