{"cameraMode":{"drawMode":0,"name":"Shaded","section":"Shading Mode"},"sceneLighting":false,"audioPlay":false,"sceneViewState":{"showFog":true,"showMaterialUpdate":false,"showSkybox":false,"showFlares":true,"showImageEffects":true,"showParticleSystems":true},"in2DMode":false,"pivot":{"x":-25.437652587890626,"y":2.7772912979125978,"z":-30.857328414916993},"rotation":{"x":-0.028303978964686395,"y":0.9678487777709961,"z":-0.1273302584886551,"w":-0.21510767936706544},"size":62.8349609375,"orthographic":false}