{"cameraMode":{"drawMode":0,"name":"Shaded","section":"Shading Mode"},"sceneLighting":false,"audioPlay":false,"sceneViewState":{"showFog":true,"showMaterialUpdate":false,"showSkybox":false,"showFlares":true,"showImageEffects":true,"showParticleSystems":true},"in2DMode":false,"pivot":{"x":-3.2547767162323,"y":5.749895095825195,"z":-5.137419700622559},"rotation":{"x":0.047220081090927127,"y":0.27851349115371706,"z":0.013711455278098584,"w":-0.9591735601425171},"size":69.34344482421875,"orthographic":false}