{"cameraMode":{"drawMode":0,"name":"Shaded","section":"Shading Mode"},"sceneLighting":false,"audioPlay":false,"sceneViewState":{"showFog":true,"showMaterialUpdate":false,"showSkybox":false,"showFlares":true,"showImageEffects":true,"showParticleSystems":true},"in2DMode":false,"pivot":{"x":0.0,"y":0.22431981563568116,"z":-0.02884574979543686},"rotation":{"x":-0.28965288400650027,"y":0.10795468837022782,"z":-0.032898783683776858,"w":-0.9504583477973938},"size":1.1986106634140015,"orthographic":false}