{"cameraMode":{"drawMode":0,"name":"Shaded","section":"Shading Mode"},"sceneLighting":false,"audioPlay":false,"sceneViewState":{"showFog":true,"showMaterialUpdate":false,"showSkybox":false,"showFlares":true,"showImageEffects":true,"showParticleSystems":true},"in2DMode":false,"pivot":{"x":146.7372589111328,"y":-169.05593872070313,"z":323.5469665527344},"rotation":{"x":0.27074918150901797,"y":0.36510932445526125,"z":-0.11186965554952622,"w":0.883674681186676},"size":466.9536437988281,"orthographic":false}