{"cameraMode":{"drawMode":0,"name":"Shaded","section":"Shading Mode"},"sceneLighting":false,"audioPlay":false,"sceneViewState":{"showFog":true,"showMaterialUpdate":false,"showSkybox":false,"showFlares":true,"showImageEffects":true,"showParticleSystems":true},"in2DMode":false,"pivot":{"x":38.073055267333987,"y":-20.61771011352539,"z":207.74923706054688},"rotation":{"x":0.27954643964767458,"y":0.2555486559867859,"z":-0.07746376097202301,"w":0.9222553968429565},"size":370.9288635253906,"orthographic":false}