{"cameraMode":{"drawMode":0,"name":"Shaded","section":"Shading Mode"},"sceneLighting":false,"audioPlay":false,"sceneViewState":{"showFog":true,"showMaterialUpdate":false,"showSkybox":false,"showFlares":true,"showImageEffects":true,"showParticleSystems":true},"in2DMode":false,"pivot":{"x":-3.000000476837158,"y":3.0966920852661135,"z":-2.8262574672698976},"rotation":{"x":0.36430540680885317,"y":-0.06389669328927994,"z":0.02506302297115326,"w":0.9287500381469727},"size":33.23017501831055,"orthographic":false}