{"cameraMode":{"drawMode":0,"name":"Shaded","section":"Shading Mode"},"sceneLighting":false,"audioPlay":false,"sceneViewState":{"showFog":true,"showMaterialUpdate":false,"showSkybox":false,"showFlares":true,"showImageEffects":true,"showParticleSystems":true},"in2DMode":false,"pivot":{"x":-0.1363229751586914,"y":5.237662315368652,"z":-4.299192905426025},"rotation":{"x":-0.31464138627052309,"y":0.0815902128815651,"z":-0.027157343924045564,"w":-0.9453136324882507},"size":72.12837219238281,"orthographic":false}