{"cameraMode":{"drawMode":0,"name":"Shaded","section":"Shading Mode"},"sceneLighting":false,"audioPlay":false,"sceneViewState":{"showFog":true,"showMaterialUpdate":false,"showSkybox":false,"showFlares":true,"showImageEffects":true,"showParticleSystems":true},"in2DMode":false,"pivot":{"x":0.04462762176990509,"y":-0.05000719428062439,"z":0.18341192603111268},"rotation":{"x":-0.2910294830799103,"y":0.10933222621679306,"z":-0.0334969162940979,"w":-0.9498634934425354},"size":2.176351547241211,"orthographic":false}