{"cameraMode":{"drawMode":0,"name":"Shaded","section":"Shading Mode"},"sceneLighting":false,"audioPlay":false,"sceneViewState":{"showFog":true,"showMaterialUpdate":false,"showSkybox":false,"showFlares":true,"showImageEffects":true,"showParticleSystems":true},"in2DMode":false,"pivot":{"x":-21.596458435058595,"y":41.81098175048828,"z":-0.9194412231445313},"rotation":{"x":-0.01879279874265194,"y":0.3160204589366913,"z":-0.006260911468416452,"w":-0.9485464096069336},"size":83.94610595703125,"orthographic":false}