{"cameraMode":{"drawMode":0,"name":"Shaded","section":"Shading Mode"},"sceneLighting":false,"audioPlay":false,"sceneViewState":{"showFog":true,"showMaterialUpdate":false,"showSkybox":false,"showFlares":true,"showImageEffects":true,"showParticleSystems":true},"in2DMode":false,"pivot":{"x":-6.5599188804626469,"y":6.0639567375183109,"z":9.516953468322754},"rotation":{"x":-0.22878970205783845,"y":0.06186157464981079,"z":-0.014569077640771866,"w":-0.9714035391807556},"size":67.37145233154297,"orthographic":false}