{"cameraMode":{"drawMode":0,"name":"Shaded","section":"Shading Mode"},"sceneLighting":false,"audioPlay":false,"sceneViewState":{"showFog":true,"showMaterialUpdate":false,"showSkybox":false,"showFlares":true,"showImageEffects":true,"showParticleSystems":true},"in2DMode":false,"pivot":{"x":-29.053834915161134,"y":-19.47852897644043,"z":-16.598102569580079},"rotation":{"x":-0.10578706115484238,"y":0.890227735042572,"z":-0.2654699981212616,"w":-0.3547412157058716},"size":67.49613189697266,"orthographic":false}