{"cameraMode":{"drawMode":0,"name":"Shaded","section":"Shading Mode"},"sceneLighting":false,"audioPlay":false,"sceneViewState":{"showFog":true,"showMaterialUpdate":false,"showSkybox":false,"showFlares":true,"showImageEffects":true,"showParticleSystems":true},"in2DMode":false,"pivot":{"x":-0.08206844329833985,"y":5.237662315368652,"z":-5.479755401611328},"rotation":{"x":-0.10265517979860306,"y":0.8125097155570984,"z":-0.15063121914863587,"w":-0.5537217855453491},"size":74.76243591308594,"orthographic":false}