{"cameraMode":{"drawMode":0,"name":"Shaded","section":"Shading Mode"},"sceneLighting":false,"audioPlay":false,"sceneViewState":{"showFog":true,"showMaterialUpdate":false,"showSkybox":false,"showFlares":true,"showImageEffects":true,"showParticleSystems":true},"in2DMode":false,"pivot":{"x":-3.7483720779418947,"y":-7.685462951660156,"z":28.043066024780275},"rotation":{"x":-0.08271132409572602,"y":0.011059559881687165,"z":-0.0009138481109403074,"w":-0.9965241551399231},"size":63.5587158203125,"orthographic":false}